block_size,average_time
4,1.472600
8,0.665000
12,0.582600
16,0.488400
20,0.405400
24,0.391000
28,0.434600
32,0.410000
